{
  "project_info": {
    "project_number": "165721295213",
    "project_id": "endprojectt",
    "storage_bucket": "endprojectt.appspot.com"
  },
  "client": [
    {
      "client_info": {
        "mobilesdk_app_id": "1:165721295213:android:be4b9bd33ef0eb5fb33264",
        "android_client_info": {
          "package_name": "com.geekymusketeers.medify"
        }
      },
      "oauth_client": [
        {
          "client_id": "165721295213-dv96apef2slffvipjq1dr5fr4u2qjp3b.apps.googleusercontent.com",
          "client_type": 3
        }
      ],
      "api_key": [
        {
          "current_key": "AIzaSyCfGrSI56dzdBpZ2AL8cI9O-lcLoapOWP0"
        }
      ],
      "services": {
        "appinvite_service": {
          "other_platform_oauth_client": [
            {
              "client_id": "165721295213-dv96apef2slffvipjq1dr5fr4u2qjp3b.apps.googleusercontent.com",
              "client_type": 3
            }
          ]
        }
      }
    }
  ],
  "configuration_version": "1"
}